PLAYER_ID,PLAYER_NAME,GP,MIN,FGM,FGA,FG_PCT,FG3M,FG3A,FG3_PCT,FTM,FTA,FT_PCT,OREB,DREB,REB,AST,STL,BLK,TOV,PF,PTS,AST_TOV,STL_TOV,EFG_PCT,TS_PCT,GP_RANK,MIN_RANK,FGM_RANK,FGA_RANK,FG_PCT_RANK,FG3M_RANK,FG3A_RANK,FG3_PCT_RANK,FTM_RANK,FTA_RANK,FT_PCT_RANK,OREB_RANK,DREB_RANK,REB_RANK,AST_RANK,STL_RANK,BLK_RANK,TOV_RANK,PF_RANK,PTS_RANK,AST_TOV_RANK,STL_TOV_RANK,EFG_PCT1,TS_PCT1
2544,LeBron James,1584,59771.0,15672,30941,0.507,2595.0,7434.0,0.349,8744,11864,0.737,1813.0,10046.0,11859.0,11735,2370.0,1163.0,5529.0,2812,42683,2.122,0.429,0.548,0.59,2,1,2,1,513,6,4,874,2,2,2205,144,6,25,4,6,70,1,115,1,624,2482,439,332
76003,Kareem Abdul-Jabbar,1560,57446.0,15837,28307,0.559,1.0,18.0,0.056,6712,9304,0.721,2975.0,9394.0,17440.0,5660,1160.0,3189.0,2527.0,4657,38387,1.156,0.302,0.559,0.592,3,2,1,2,193,2566,2280,2804,14,9,2449,32,10,3,51,112,3,59,1,2,2050,3158,336,308
252,Karl Malone,1476,54852.0,13528,26210,0.516,85.0,310.0,0.274,9787,13188,0.742,3562.0,11406.0,14968.0,5248,2085.0,1145.0,4524.0,4578,36928,1.16,0.461,0.518,0.577,7,3,3,3,419,1113,1065,1871,1,1,2113,14,2,7,63,12,74,3,2,3,2044,2289,867,478
977,Kobe Bryant,1346,48643.0,11719,26200,0.447,1827.0,5546.0,0.329,8378,10011,0.837,1499.0,5548.0,7047.0,6306,1944.0,640.0,4010.0,3353,33643,1.573,0.485,0.482,0.55,16,8,6,4,1782,30,18,1245,5,6,525,228,63,118,36,17,213,6,42,4,1320,2151,1792,970
893,Michael Jordan,1072,41010.0,12192,24537,0.497,581.0,1778.0,0.327,7327,8772,0.835,1668.0,5004.0,6672.0,5633,2514.0,893.0,2924.0,2783,32292,1.926,0.86,0.509,0.569,108,34,5,5,695,388,349,1287,8,12,541,179,95,142,53,4,127,33,121,5,835,560,1063,603
1717,Dirk Nowitzki,1522,51367.0,11169,23734,0.471,1982.0,5210.0,0.38,7240,8239,0.879,1468.0,10021.0,11489.0,3651,1210.0,1281.0,2494.0,3601,31560,1.464,0.485,0.512,0.577,5,4,8,8,1149,20,23,372,9,18,239,238,7,27,164,97,56,64,25,6,1495,2151,987,477
201142,Kevin Durant,1159,42548.0,10874,21646,0.502,2267.0,5815.0,0.39,7490,8488,0.882,754.0,7270.0,8024.0,5067,1199.0,1308.0,3661.0,2213,31505,1.384,0.328,0.555,0.621,67,27,10,12,559,12,14,263,7,15,224,591,28,81,73,100,53,11,320,7,1631,3057,384,162
76375,Wilt Chamberlain,1045,47859.0,12681,23497,0.54,,,,6057,11862,0.511,,,23924.0,4643,,,,2075,31419,,,0.54,0.547,126,9,4,9,272,3789,3789,3789,22,3,4380,4093,4093,1,86,4093,4093,3891,376,8,3891,3891,533,1017
201935,James Harden,1188,41327.0,8447,19252,0.439,3293.0,9081.0,0.363,8449,9796,0.862,894.0,5756.0,6650.0,8612,1763.0,667.0,4391.0,2928,28636,1.961,0.402,0.524,0.608,54,32,35,25,2067,2,2,633,4,7,316,497,56,146,12,21,201,4,89,9,804,2635,753,215
406,Shaquille O'Neal,1207,41917.0,11330,19457,0.582,1.0,22.0,0.045,5935,11252,0.527,4209.0,8890.0,13099.0,3026,739.0,2732.0,3310.0,4146,28596,0.914,0.223,0.582,0.586,48,31,7,24,144,2566,2201,2816,25,4,4342,6,11,15,237,356,8,20,10,10,2606,3415,215,376
2546,Carmelo Anthony,1260,43513.0,10119,22643,0.447,1731.0,4873.0,0.355,6320,7764,0.814,1983.0,5825.0,7808.0,3422,1223.0,644.0,3052.0,3543,28289,1.121,0.401,0.485,0.543,34,24,16,10,1795,35,29,763,18,27,793,116,54,84,190,93,209,30,28,11,2115,2638,1697,1139
77449,Moses Malone,1329,45071.0,9435,19225,0.491,8.0,80.0,0.1,8531,11090,0.769,6731.0,9481.0,16212.0,1796,1089.0,1733.0,3804.0,3076,27409,0.449,0.269,0.491,0.569,19,20,22,27,775,1978,1612,2721,3,5,1567,1,9,5,542,140,30,8,70,12,3422,3270,1545,604
76979,Elvin Hayes,1303,50000.0,10976,24272,0.452,5.0,34.0,0.147,5356,7999,0.67,2778.0,6973.0,16279.0,2398,864.0,1771.0,1358.0,4193,27313,0.657,0.316,0.452,0.491,23,7,9,6,1645,2139,1988,2583,34,23,3227,38,33,4,364,268,27,358,7,13,3108,3101,2603,2636
165,Hakeem Olajuwon,1238,44218.0,10749,20991,0.512,25.0,124.0,0.202,5423,7621,0.712,4034.0,9714.0,13748.0,3058,2162.0,3830.0,3667.0,4383,26946,0.834,0.59,0.513,0.553,39,22,11,17,452,1552,1427,2329,29,28,2608,9,8,14,233,10,1,10,5,14,2757,1469,976,890
201566,Russell Westbrook,1278,42382.0,9651,22015,0.438,1446.0,4706.0,0.307,6064,7866,0.771,2037.0,6905.0,8942.0,10211,2010.0,413.0,4967.0,3261,26812,2.056,0.405,0.471,0.526,29,29,19,11,2076,66,33,1549,21,26,1534,108,38,60,7,14,360,2,50,15,672,2627,2069,1625
600015,Oscar Robertson,1040,43886.0,9508,19620,0.485,,,,7694,9185,0.838,71.0,208.0,7804.0,9887,77.0,4.0,,2931,26710,,,0.485,0.564,131,23,21,22,883,3789,3789,3789,6,10,517,2222,2113,85,9,1961,2973,3891,88,16,3891,3891,1719,686
1122,Dominique Wilkins,1074,38115.0,9963,21589,0.461,711.0,2231.0,0.319,6031,7438,0.811,2950.0,4219.0,7169.0,2677,1378.0,642.0,2669.0,2061,26668,1.003,0.516,0.478,0.536,105,52,17,13,1392,310,255,1401,24,30,844,34,149,111,302,68,211,46,389,17,2333,1910,1915,1324
1495,Tim Duncan,1392,47367.0,10285,20334,0.506,30.0,168.0,0.179,5896,8468,0.696,3859.0,11232.0,15091.0,4225,1025.0,3020.0,3381.0,3304,26496,1.25,0.303,0.507,0.551,11,12,15,18,524,1488,1313,2463,26,16,2868,12,3,6,111,173,5,17,44,18,1866,3152,1118,943
1718,Paul Pierce,1343,45879.0,8668,19465,0.445,2143.0,5816.0,0.368,6918,8578,0.806,1092.0,6435.0,7527.0,4708,1752.0,745.0,3532.0,3643,26397,1.333,0.496,0.5,0.568,17,17,29,23,1845,16,13,538,11,14,906,374,45,95,84,23,176,13,22,19,1721,2095,1265,620
76970,John Havlicek,1270,46471.0,10513,23930,0.439,,,,5369,6589,0.815,610.0,1389.0,8007.0,6114,476.0,117.0,204.0,3281,26395,1.608,0.441,0.439,0.492,33,14,13,7,2043,3789,3789,3789,32,36,780,725,882,83,40,682,1137,1652,48,20,1257,2404,2915,2623
201939,Stephen Curry,1058,36001.0,8943,18984,0.471,4205.0,9967.0,0.422,4193,4597,0.912,683.0,4257.0,4940.0,6698,1590.0,280.0,3278.0,2374,26284,2.043,0.485,0.582,0.626,114,72,26,29,1139,1,1,134,73,108,166,652,147,294,28,39,568,22,257,21,683,2151,218,144
201942,DeMar DeRozan,1228,42603.0,9346,19870,0.47,647.0,2136.0,0.303,6738,7993,0.843,857.0,4489.0,5346.0,5029,1229.0,403.0,2422.0,2742,26077,2.076,0.507,0.487,0.558,43,25,23,21,1161,347,279,1603,13,24,472,520,128,249,75,88,372,74,132,22,656,1961,1654,803
708,Kevin Garnett,1462,50412.0,10505,21142,0.497,174.0,632.0,0.275,4887,6190,0.789,3209.0,11453.0,14662.0,5445,1859.0,2037.0,3179.0,3561,26071,1.713,0.585,0.501,0.546,8,5,14,15,696,846,753,1867,43,42,1198,25,1,9,57,19,19,26,27,23,1096,1494,1253,1042
1713,Vince Carter,1541,46370.0,9293,21339,0.435,2290.0,6168.0,0.371,4852,6082,0.798,1658.0,4948.0,6606.0,4714,1530.0,888.0,2590.0,3995,25728,1.82,0.591,0.489,0.536,4,15,24,14,2164,10,10,493,45,45,1060,182,102,152,82,48,130,51,14,24,956,1464,1590,1337
76673,Alex English,1193,38063.0,10659,21036,0.507,18.0,83.0,0.217,4277,5141,0.832,2778.0,3760.0,6538.0,4351,1067.0,833.0,2821.0,3027,25613,1.533,0.372,0.507,0.55,53,55,12,16,507,1677,1595,2275,70,81,589,38,197,157,103,153,150,36,75,25,1376,2798,1100,969
397,Reggie Miller,1389,47620.0,8241,17499,0.471,2560.0,6486.0,0.395,6237,7026,0.888,883.0,3299.0,4182.0,4141,1505.0,299.0,2409.0,2730,25279,1.719,0.625,0.544,0.614,13,11,39,37,1143,7,7,236,19,34,215,511,255,392,121,54,529,79,135,26,1087,1292,491,192
78497,Jerry West,932,36571.0,9016,19032,0.474,,,,7160,8801,0.814,30.0,86.0,5376.0,6238,81.0,23.0,,2435,25192,,,0.474,0.55,227,67,25,28,1078,3789,3789,3789,10,11,801,2687,2578,246,37,1936,2165,3891,234,27,3891,3891,2007,963
121,Patrick Ewing,1183,40594.0,9702,19241,0.504,19.0,125.0,0.152,5392,7289,0.74,2752.0,8855.0,11607.0,2215,1136.0,2894.0,3537.0,4034,24815,0.626,0.321,0.505,0.553,55,37,18,26,544,1653,1422,2571,31,33,2154,41,12,26,405,124,7,12,13,28,3160,3083,1164,901
951,Ray Allen,1300,46350.0,8567,18955,0.452,2973.0,7429.0,0.4,4398,4920,0.894,1230.0,4042.0,5272.0,4361,1451.0,244.0,2709.0,2858,24505,1.61,0.536,0.53,0.58,24,16,31,30,1654,3,5,195,64,92,197,320,160,257,102,60,657,44,106,29,1254,1801,656,441
947,Allen Iverson,914,37582.0,8467,19906,0.425,1059.0,3383.0,0.313,6375,8168,0.78,745.0,2649.0,3394.0,5624,1983.0,164.0,3262.0,1777,24368,1.724,0.608,0.452,0.518,254,59,33,20,2477,154,99,1476,16,20,1342,595,377,532,54,15,914,23,558,30,1080,1371,2610,1844
787,Charles Barkley,1073,39331.0,8435,15605,0.541,538.0,2020.0,0.266,6349,8643,0.735,4260.0,8286.0,12546.0,4215,1648.0,888.0,3376.0,3287,23757,1.249,0.488,0.558,0.612,106,45,36,61,269,418,301,1934,17,13,2244,5,15,19,112,28,130,18,45,31,1883,2140,352,197
305,Robert Parish,1611,45704.0,9614,17914,0.537,0.0,6.0,0.0,4106,5694,0.721,4598.0,10117.0,14715.0,2180,1219.0,2361.0,3183.0,4443,23334,0.662,0.366,0.537,0.571,1,19,20,33,292,2828,2715,2828,76,58,2456,2,5,8,420,94,10,25,3,32,3099,2836,569,564
76504,Adrian Dantley,955,34151.0,8169,15121,0.54,7.0,41.0,0.171,6832,8351,0.818,2207.0,3248.0,5455.0,2830,944.0,150.0,2503.0,2550,23177,1.073,0.341,0.54,0.617,207,95,40,69,271,2025,1906,2489,12,17,750,75,266,242,275,213,972,62,194,33,2199,2962,527,176
2548,Dwyane Wade,1054,35777.0,8454,17617,0.48,549.0,1874.0,0.293,5708,7463,0.765,1258.0,3675.0,4933.0,5701,1620.0,885.0,3326.0,2328,23165,1.714,0.487,0.495,0.554,119,76,34,36,969,411,332,1716,28,29,1654,311,207,295,49,33,133,19,274,34,1090,2144,1436,871
76127,Elgin Baylor,846,33863.0,8693,20171,0.431,,,,5763,7391,0.78,,,11463.0,3650,,,,2596,23149,,,0.431,0.494,361,102,28,19,2325,3789,3789,3789,27,32,1359,4093,4093,28,165,4093,4093,3891,175,35,3891,3891,3097,2558
101108,Chris Paul,1370,45837.0,8165,17408,0.469,1870.0,5059.0,0.37,4858,5581,0.87,798.0,5208.0,6006.0,12552,2728.0,222.0,3109.0,3208,23058,4.037,0.877,0.523,0.58,15,18,41,38,1201,27,26,522,44,68,283,555,82,193,2,2,725,29,57,36,36,531,787,439
203081,Damian Lillard,900,32612.0,7266,16568,0.439,2804.0,7556.0,0.371,5262,5853,0.899,534.0,3311.0,3845.0,6069,874.0,267.0,2541.0,1708,22598,2.388,0.344,0.523,0.59,275,119,68,45,2071,5,3,497,35,49,190,838,251,450,41,258,600,57,607,37,427,2949,780,331
17,Clyde Drexler,1086,37538.0,8335,17673,0.472,827.0,2603.0,0.318,4698,5962,0.788,2615.0,4062.0,6677.0,6125,2207.0,719.0,2977.0,3285,22195,2.057,0.741,0.495,0.547,98,60,37,35,1124,251,195,1412,50,47,1215,46,159,141,39,9,184,32,46,38,671,842,1448,1026
56,Gary Payton,1335,47117.0,8708,18698,0.466,1132.0,3570.0,0.317,3265,4480,0.729,1392.0,3877.0,5269.0,8966,2445.0,285.0,3030.0,3217,21813,2.959,0.807,0.496,0.528,18,13,27,32,1287,129,83,1419,143,117,2338,265,183,258,11,5,557,31,55,39,173,689,1429,1594
1449,Larry Bird,897,34443.0,8591,17334,0.496,649.0,1727.0,0.376,3960,4471,0.886,1757.0,7217.0,8974.0,5695,1556.0,755.0,2816.0,2279,21791,2.022,0.553,0.514,0.564,277,91,30,39,713,344,362,416,84,119,219,159,29,59,50,43,169,37,294,40,704,1699,938,682
76882,Hal Greer,1122,39788.0,8504,18811,0.452,,,,4578,5717,0.801,,,5665.0,4540,,,,3855,21586,,,0.452,0.506,77,42,32,31,1649,3789,3789,3789,56,57,974,4093,4093,222,92,4093,4093,3891,18,41,3891,3891,2605,2215
203507,Giannis Antetokounmpo,886,29017.0,7820,14124,0.554,557.0,1945.0,0.286,5118,7398,0.692,1677.0,7110.0,8787.0,4436,986.0,1085.0,2676.0,2603,21315,1.658,0.368,0.573,0.613,293,187,49,95,212,403,314,1777,37,31,2950,177,31,63,97,192,92,45,171,42,1189,2818,256,194
76144,Walt Bellamy,1043,38940.0,7914,15340,0.516,,,,5113,8088,0.632,264.0,481.0,14241.0,2544,52.0,48.0,,3536,20941,,,0.516,0.554,128,48,46,66,422,3789,3789,3789,38,22,3673,1369,1652,12,327,2193,1724,3891,29,43,3891,3891,906,876
2200,Pau Gasol,1226,41001.0,7980,15729,0.507,179.0,486.0,0.368,4755,6311,0.753,3085.0,8220.0,11305.0,3925,606.0,1941.0,2638.0,2632,20894,1.488,0.23,0.513,0.565,44,35,45,59,500,839,878,542,47,38,1864,28,18,29,135,488,22,49,160,44,1460,3401,967,681
77847,Bob Pettit,792,30690.0,7349,16872,0.436,,,,6182,8119,0.761,,,12849.0,2369,,,,2529,20880,,,0.436,0.511,464,151,63,42,2162,3789,3789,3789,20,21,1725,4093,4093,18,372,4093,4093,3891,201,45,3891,3891,3000,2091
764,David Robinson,987,34273.0,7365,14221,0.518,25.0,100.0,0.25,6035,8201,0.736,3083.0,7414.0,10497.0,2441,1388.0,2954.0,2417.0,2835,20790,1.01,0.574,0.519,0.583,164,94,62,93,401,1552,1522,2016,23,19,2224,29,24,36,352,67,6,76,111,46,2323,1555,851,408
76804,George Gervin,791,26536.0,8045,15747,0.511,77.0,259.0,0.297,4541,5383,0.844,1186.0,2421.0,3607.0,2214,941.0,670.0,2137.0,2331,20708,0.925,0.391,0.513,0.572,468,259,43,58,462,1155,1140,1671,58,74,465,334,428,486,407,215,199,112,270,47,2579,2707,959,559
200746,LaMarcus Aldridge,1076,36243.0,8311,16872,0.493,227.0,710.0,0.32,3709,4563,0.813,2776.0,5960.0,8736.0,2076,758.0,1187.0,1643.0,2598,20558,1.264,0.461,0.499,0.544,104,71,38,42,757,732,714,1392,98,111,806,40,51,64,453,341,67,232,174,48,1836,2289,1350,1082
782,Mitch Richmond,976,34301.0,7305,16038,0.455,1326.0,3417.0,0.388,4561,5365,0.85,881.0,2920.0,3801.0,3398,1211.0,254.0,2579.0,2503,20497,1.318,0.47,0.497,0.557,181,92,65,51,1563,77,94,278,57,75,409,513,324,455,191,96,627,54,212,49,1744,2235,1412,812
2207,Joe Johnson,1277,44235.0,7823,17720,0.441,1978.0,5331.0,0.371,2783,3468,0.802,1067.0,3992.0,5059.0,5001,1071.0,260.0,2451.0,2252,20407,2.04,0.437,0.497,0.53,31,21,48,34,1979,21,21,498,210,233,961,382,170,282,76,152,615,71,310,50,688,2427,1396,1524
1472,Tom Chambers,1107,33921.0,7378,15749,0.468,227.0,740.0,0.307,5066,6274,0.807,1942.0,4761.0,6703.0,2283,885.0,627.0,2549.0,3742,20049,0.896,0.347,0.476,0.542,85,100,61,57,1220,732,697,1556,40,39,891,119,112,137,384,246,222,55,21,51,2651,2939,1958,1166
1712,Antawn Jamison,1083,37638.0,7679,17024,0.451,1163.0,3365.0,0.346,3521,4860,0.724,2557.0,5600.0,8157.0,1761,1048.0,421.0,1714.0,2580,20042,1.027,0.611,0.485,0.523,100,58,53,40,1674,122,101,929,117,93,2402,49,62,75,557,164,351,206,180,52,2288,1354,1693,1720
304,John Stockton,1504,47766.0,7039,13658,0.515,845.0,2202.0,0.384,4788,5796,0.826,966.0,3085.0,4051.0,15806,3265.0,315.0,4244.0,3942,19711,3.724,0.769,0.546,0.608,6,10,79,107,427,245,265,334,46,52,648,446,291,412,1,1,493,5,15,53,52,776,463,211
77264,Bernard King,874,29417.0,7830,15109,0.518,23.0,134.0,0.172,3972,5444,0.73,1704.0,3356.0,5060.0,2863,866.0,230.0,2791.0,2885,19655,1.026,0.31,0.519,0.561,315,181,47,70,397,1580,1395,2487,82,71,2324,168,245,281,267,267,691,38,99,54,2291,3127,846,730
361,Clifford Robinson,1380,42560.0,7389,16875,0.438,1253.0,3515.0,0.356,3560,5165,0.689,1852.0,4454.0,6306.0,3094,1402.0,1390.0,2502.0,4175,19591,1.237,0.56,0.475,0.512,14,26,60,41,2097,92,85,741,116,80,2987,135,132,172,227,65,48,63,8,55,1907,1645,1978,2065
1453,Walter Davis,1033,28859.0,8118,15871,0.511,157.0,577.0,0.272,3128,3676,0.851,889.0,2164.0,3053.0,3878,1280.0,133.0,2541.0,2454,19521,1.526,0.504,0.516,0.558,134,196,42,53,457,886,799,1898,158,201,405,506,511,614,140,81,1060,57,225,56,1386,1984,895,785
2730,Dwight Howard,1242,39458.0,7051,12016,0.587,22.0,103.0,0.214,5361,9455,0.567,4151.0,10476.0,14627.0,1676,1081.0,2228.0,3302.0,3912,19485,0.508,0.327,0.588,0.602,38,44,78,164,132,1599,1508,2287,33,8,4170,7,4,10,595,147,13,21,16,57,3334,3063,194,241
2225,Tony Parker,1254,38279.0,7777,15830,0.491,519.0,1603.0,0.324,3400,4525,0.751,441.0,2955.0,3396.0,7036,1053.0,98.0,2865.0,2059,19473,2.456,0.368,0.508,0.546,36,51,50,54,770,431,393,1335,129,113,1887,987,316,531,21,158,1280,34,390,58,388,2818,1088,1037
187,Terry Cummings,1183,33895.0,8045,16628,0.484,44.0,149.0,0.295,3326,4711,0.706,3183.0,5447.0,8630.0,2190,1255.0,650.0,2200.0,3836,19460,0.995,0.57,0.485,0.52,55,101,43,44,904,1349,1346,1691,136,103,2700,27,65,69,412,85,208,102,19,59,2470,1583,1696,1788
2037,Jamal Crawford,1327,38994.0,6752,16467,0.41,2221.0,6379.0,0.348,3694,4286,0.862,466.0,2482.0,2948.0,4541,1179.0,271.0,2476.0,2008,19419,1.834,0.476,0.477,0.529,20,47,91,47,2930,13,8,888,99,135,323,953,414,638,91,107,591,66,431,60,933,2202,1923,1555
203076,Anthony Davis,807,27741.0,7269,13923,0.522,385.0,1306.0,0.295,4462,5627,0.793,2148.0,6488.0,8636.0,2065,1055.0,1848.0,1614.0,1882,19385,1.279,0.654,0.536,0.591,438,229,67,101,372,534,472,1696,62,62,1143,84,42,68,456,157,23,244,502,61,1807,1171,583,323
600005,Bob Lanier,959,32103.0,7761,15092,0.514,2.0,13.0,0.154,3724,4858,0.767,1843.0,4853.0,9698.0,3007,777.0,1100.0,1112.0,3048,19248,1.105,0.398,0.514,0.559,202,125,51,72,437,2409,2428,2556,97,94,1623,137,107,46,240,324,85,491,73,62,2145,2672,940,774
698,Eddie Johnson,1199,32603.0,7727,16361,0.472,562.0,1679.0,0.335,3186,3792,0.84,1786.0,3046.0,4832.0,2550,739.0,180.0,2076.0,2962,19202,1.228,0.356,0.489,0.533,50,120,52,48,1109,402,374,1113,153,183,500,150,298,305,326,356,859,124,83,63,1933,2889,1582,1439
76832,Gail Goodrich,1031,33527.0,7431,16300,0.456,,,,4319,5354,0.807,453.0,651.0,3279.0,4805,545.0,72.0,390.0,2775,19181,1.91,0.441,0.456,0.514,137,108,55,49,1550,3789,3789,3789,66,76,899,971,1447,556,81,584,1487,1228,124,64,856,2404,2525,1981
202331,Paul George,930,31172.0,6519,14840,0.439,2401.0,6267.0,0.383,3609,4231,0.853,763.0,5037.0,5800.0,3448,1568.0,413.0,2462.0,2466,19048,1.4,0.637,0.52,0.57,229,143,100,81,2044,9,9,342,108,140,388,582,94,210,185,41,360,69,223,65,1602,1234,827,578
78310,Reggie Theus,1026,34603.0,7057,14973,0.471,238.0,945.0,0.252,4663,5644,0.826,1182.0,2167.0,3349.0,6453,1206.0,236.0,3493.0,3008,19015,1.847,0.345,0.479,0.545,139,89,77,76,1132,715,601,2011,52,61,647,336,508,547,34,98,674,15,77,66,923,2943,1880,1079
107,Dale Ellis,1209,34780.0,7323,15275,0.479,1719.0,4266.0,0.403,2639,3365,0.784,1533.0,2668.0,4201.0,1746,974.0,183.0,1771.0,2480,19004,0.986,0.55,0.536,0.567,46,85,64,67,980,37,48,178,233,249,1275,214,369,389,563,196,844,183,219,67,2484,1712,588,638
937,Scottie Pippen,1178,41068.0,7420,15700,0.473,978.0,3002.0,0.326,3122,4437,0.704,2068.0,5426.0,7494.0,6135,2307.0,947.0,3257.0,3329,18940,1.884,0.708,0.504,0.536,59,33,56,60,1105,187,142,1304,160,121,2740,103,67,97,38,8,113,24,43,68,882,946,1183,1317
1891,Jason Terry,1410,42034.0,6914,15585,0.444,2282.0,6010.0,0.38,2771,3278,0.845,502.0,2772.0,3274.0,5415,1603.0,275.0,2415.0,2577,18881,2.242,0.664,0.517,0.554,10,30,81,62,1905,11,11,377,212,262,452,895,351,559,58,38,578,77,182,69,530,1135,890,865
78435,Chet Walker,1032,33433.0,6876,14628,0.47,,,,5079,6384,0.796,245.0,593.0,7314.0,2126,117.0,10.0,,2727,18831,,,0.47,0.54,135,110,85,86,1171,3789,3789,3789,39,37,1097,1422,1515,105,432,1701,2580,3891,136,70,3891,3891,2107,1211
78318,Isiah Thomas,979,35516.0,7194,15904,0.452,398.0,1373.0,0.29,4036,5316,0.759,951.0,2527.0,3478.0,9061,1861.0,249.0,3682.0,2971,18822,2.461,0.505,0.465,0.516,178,77,73,52,1642,521,457,1753,79,77,1770,454,406,509,10,18,640,9,81,71,383,1978,2251,1931
77498,Bob McAdoo,852,28327.0,7420,14751,0.503,3.0,37.0,0.081,3944,5229,0.754,1818.0,5502.0,8048.0,1951,751.0,1147.0,1223.0,2726,18787,0.771,0.328,0.503,0.551,352,216,56,83,555,2292,1952,2761,85,78,1848,142,64,79,494,346,72,419,137,72,2888,3057,1194,938
2216,Zach Randolph,1116,34620.0,7436,15774,0.471,199.0,729.0,0.273,3507,4592,0.764,3279.0,6929.0,10208.0,2049,834.0,301.0,2290.0,2629,18578,0.895,0.364,0.478,0.522,81,87,54,55,1130,783,704,1883,118,109,1678,23,36,42,463,283,521,89,162,73,2653,2843,1920,1747
76016,Mark Aguirre,923,27730.0,7201,14865,0.484,392.0,1258.0,0.312,3664,4944,0.741,1704.0,2874.0,4578.0,2871,687.0,296.0,2306.0,2599,18458,1.245,0.298,0.498,0.542,240,231,72,80,889,527,486,1494,100,88,2128,168,334,333,266,405,538,88,173,74,1890,3179,1389,1165
78076,Dolph Schayes,996,29800.0,5863,15427,0.38,,,,6712,7904,0.849,,,11256.0,3072,,,,3432,18438,,,0.38,0.488,156,170,145,64,3577,3789,3789,3789,14,25,418,4093,4093,31,231,4093,4093,3891,37,75,3891,3891,3819,2737
202681,Kyrie Irving,779,26880.0,6787,14313,0.474,1876.0,4763.0,0.394,2983,3360,0.888,638.0,2535.0,3173.0,4365,1022.0,337.0,1942.0,1770,18433,2.248,0.526,0.54,0.584,495,254,88,89,1065,26,31,244,186,252,214,699,404,586,101,176,460,142,563,76,526,1849,531,400
600013,Rick Barry,794,28825.0,7252,16163,0.449,73.0,221.0,0.33,3818,4243,0.9,510.0,2366.0,5168.0,4017,1104.0,269.0,574.0,2264,18395,2.118,0.58,0.451,0.51,458,200,69,50,1748,1171,1198,1236,91,138,189,877,447,270,125,135,597,944,300,77,627,1517,2638,2108
1503,Tracy McGrady,938,30658.0,6709,15413,0.435,1081.0,3198.0,0.338,3882,5202,0.746,1300.0,3976.0,5276.0,4161,1136.0,807.0,2029.0,1661,18381,2.051,0.56,0.47,0.519,221,152,93,65,2176,141,126,1066,88,79,2050,292,173,256,119,124,154,132,638,78,676,1645,2096,1818
76681,Julius Erving,836,28677.0,7237,14276,0.507,46.0,176.0,0.261,3844,4950,0.777,2067.0,3534.0,5601.0,3224,1508.0,1293.0,2323.0,2286,18364,1.256,0.581,0.509,0.558,380,205,71,92,503,1328,1294,1961,90,87,1436,104,221,229,205,53,54,84,292,79,1855,1511,1068,787
779,Glen Rice,1000,34982.0,6776,14867,0.456,1559.0,3896.0,0.4,3225,3813,0.846,946.0,3441.0,4387.0,2097,958.0,265.0,1733.0,2361,18336,1.21,0.553,0.508,0.554,154,82,89,79,1553,49,65,196,149,180,450,459,236,356,443,204,604,198,261,80,1967,1699,1076,873
76166,Dave Bing,901,32769.0,6962,15769,0.441,,,,4403,5683,0.775,418.0,741.0,3420.0,5397,483.0,89.0,216.0,2615,18327,1.389,0.366,0.441,0.502,274,117,80,56,1978,3789,3789,3789,63,59,1464,1037,1360,526,59,674,1346,1614,167,81,1622,2836,2865,2341
76753,World Free,886,26893.0,6512,14294,0.456,213.0,632.0,0.337,4718,6264,0.753,1008.0,1422.0,2430.0,3319,910.0,223.0,1869.0,2270,17955,1.578,0.427,0.463,0.527,293,253,103,90,1559,753,753,1075,49,40,1867,421,849,813,197,238,722,156,298,82,1308,2502,2309,1618
77669,Calvin Murphy,1002,30607.0,7247,15030,0.482,10.0,72.0,0.139,3445,3864,0.892,499.0,952.0,2103.0,4402,1165.0,51.0,822.0,3250,17949,1.766,0.712,0.483,0.536,149,155,70,74,932,1880,1667,2623,123,176,201,903,1180,953,100,109,1689,682,52,83,1020,938,1778,1319
77074,Lou Hudson,890,29794.0,7392,15129,0.489,,,,3156,3960,0.797,436.0,718.0,3926.0,2432,516.0,98.0,249.0,2439,17940,1.341,0.61,0.489,0.532,288,171,59,68,810,3789,3789,3789,154,165,1080,998,1389,435,354,628,1280,1516,232,84,1711,1363,1602,1466
904,Chris Mullin,986,32172.0,6740,13243,0.509,815.0,2120.0,0.384,3616,4178,0.865,1026.0,3008.0,4034.0,3450,1530.0,549.0,2315.0,2050,17911,1.49,0.661,0.54,0.594,167,122,92,119,483,258,281,321,107,146,304,407,304,414,184,48,255,85,399,85,1456,1144,532,301
78530,Lenny Wilkens,1077,38064.0,6189,14327,0.432,,,,5394,6973,0.774,118.0,279.0,5030.0,7211,174.0,26.0,,3285,17772,,,0.432,0.511,102,54,121,88,2288,3789,3789,3789,30,35,1484,1913,1958,284,17,1443,2102,3891,46,86,3891,3891,3076,2085
77070,Bailey Howell,950,30627.0,6515,13585,0.48,,,,4740,6224,0.762,,,9383.0,1853,,,,3498,17770,,,0.48,0.544,213,154,102,109,975,3789,3789,3789,48,41,1722,4093,4093,53,521,4093,4093,3891,32,87,3891,3891,1870,1087
201572,Brook Lopez,1138,34086.0,6753,13648,0.495,1125.0,3203.0,0.351,3102,3889,0.798,2173.0,4653.0,6826.0,1644,647.0,2092.0,1776.0,2922,17733,0.926,0.364,0.536,0.577,72,96,90,108,726,130,124,837,166,173,1064,79,116,133,611,442,16,182,90,88,2577,2843,580,473
77142,Magic Johnson,906,33245.0,6211,11951,0.52,325.0,1074.0,0.303,4960,5850,0.848,1601.0,4958.0,6559.0,10141,1724.0,374.0,3506.0,2050,17707,2.892,0.492,0.533,0.61,263,112,118,168,389,608,549,1606,42,50,426,201,100,156,8,24,410,14,399,89,188,2120,621,206
1890,Shawn Marion,1163,40097.0,7289,15056,0.484,791.0,2390.0,0.331,2331,2877,0.81,2732.0,7369.0,10101.0,2198,1759.0,1233.0,1750.0,2535,17700,1.256,1.005,0.51,0.542,64,40,66,73,895,271,229,1230,307,339,851,42,27,44,409,22,62,191,200,90,1855,296,1029,1154
200752,Rudy Gay,1120,34561.0,6670,14771,0.452,1186.0,3429.0,0.346,3116,3898,0.799,1447.0,4836.0,6283.0,2280,1231.0,798.0,2245.0,2524,17642,1.016,0.548,0.492,0.535,78,90,96,82,1664,114,93,924,163,170,1029,247,108,174,385,87,156,98,202,91,2311,1727,1532,1358
76176,Rolando Blackman,980,32087.0,6887,13969,0.493,229.0,667.0,0.343,3620,4309,0.84,1047.0,2231.0,3278.0,2981,715.0,274.0,1829.0,1634,17623,1.63,0.391,0.501,0.555,177,126,83,99,750,729,736,967,106,131,502,397,484,557,247,383,584,167,651,92,1220,2707,1246,842
901,Otis Thorpe,1257,39824.0,6872,12593,0.546,3.0,64.0,0.047,3852,5610,0.687,3446.0,6924.0,10370.0,2730,840.0,501.0,2774.0,4146,17599,0.984,0.303,0.546,0.584,35,41,86,140,244,2292,1703,2815,89,64,3018,17,37,41,292,281,290,41,10,93,2489,3152,466,393
467,Jason Kidd,1391,50116.0,6219,15557,0.4,1988.0,5701.0,0.349,3103,3954,0.785,1768.0,6957.0,8725.0,12091,2684.0,450.0,4003.0,2572,17529,3.02,0.67,0.464,0.507,12,6,117,63,3245,19,16,882,165,167,1266,156,34,65,3,3,325,7,184,94,133,1082,2281,2201
600006,Earl Monroe,926,29636.0,6906,14898,0.464,0.0,0.0,0.0,3642,4513,0.807,260.0,976.0,2796.0,3594,473.0,121.0,305.0,2416,17454,2.023,0.423,0.464,0.517,236,175,82,77,1330,2828,3357,2828,102,114,896,1377,1157,687,168,688,1119,1381,243,95,703,2529,2290,1895
959,Steve Nash,1217,38073.0,6321,12892,0.49,1685.0,3939.0,0.428,3060,3384,0.904,643.0,2999.0,3642.0,10335,899.0,102.0,3478.0,1982,17387,2.972,0.258,0.556,0.605,45,53,111,133,785,39,62,129,174,246,179,692,307,476,5,242,1248,16,446,96,168,3305,370,231
1626164,Devin Booker,710,24410.0,6055,13064,0.463,1485.0,4225.0,0.351,3791,4345,0.872,456.0,2412.0,2868.0,3762,611.0,202.0,2156.0,2072,17386,1.745,0.283,0.52,0.58,637,334,134,129,1333,60,51,827,93,125,272,967,432,660,151,482,785,107,380,97,1057,3227,825,438
202696,Nikola Vučević,1011,31700.0,7401,14872,0.498,968.0,2762.0,0.35,1608,2085,0.771,2520.0,8009.0,10529.0,2956,848.0,866.0,1727.0,2434,17378,1.712,0.491,0.53,0.55,144,133,58,78,681,194,174,850,520,536,1525,51,19,35,250,276,140,200,235,98,1098,2126,659,954
1450,Kevin McHale,971,30118.0,6830,12334,0.554,41.0,157.0,0.261,3634,4554,0.798,2358.0,4764.0,7122.0,1670,344.0,1690.0,1893.0,2758,17335,0.882,0.182,0.555,0.605,186,164,87,155,211,1370,1328,1962,103,112,1054,60,111,115,599,923,32,150,129,99,2664,3491,377,230
203078,Bradley Beal,807,27681.0,6364,13712,0.464,1724.0,4588.0,0.376,2854,3475,0.821,691.0,2560.0,3251.0,3442,885.0,339.0,1947.0,1819,17306,1.768,0.455,0.527,0.568,438,232,109,106,1320,36,38,417,199,232,711,641,397,565,188,246,456,140,534,100,1018,2326,715,623
714,Michael Finley,1103,37995.0,6696,15095,0.444,1454.0,3880.0,0.375,2460,3032,0.811,1121.0,3683.0,4804.0,3245,996.0,323.0,1629.0,1812,17306,1.992,0.611,0.492,0.527,88,56,94,71,1908,64,66,436,270,300,839,362,205,308,203,186,480,237,540,100,777,1354,1528,1613
78149,Jack Sikma,1107,36943.0,6396,13792,0.464,203.0,618.0,0.328,4292,5053,0.849,2542.0,8274.0,10816.0,3488,1162.0,1048.0,2586.0,3879,17287,1.349,0.449,0.471,0.54,85,62,106,104,1322,775,766,1266,69,83,416,50,17,33,182,111,96,52,17,102,1688,2354,2072,1220
788,Kevin Willis,1424,38360.0,7095,14572,0.487,40.0,190.0,0.211,3023,4238,0.713,4132.0,7769.0,11901.0,1328,958.0,751.0,2520.0,4172,17253,0.527,0.38,0.488,0.525,9,50,76,87,832,1379,1260,2293,179,139,2589,8,20,24,760,204,173,60,9,103,3312,2748,1611,1663
117,Jeff Malone,905,29660.0,7099,14674,0.484,86.0,321.0,0.268,2947,3383,0.871,572.0,1792.0,2364.0,2154,577.0,100.0,1538.0,1695,17231,1.401,0.375,0.487,0.533,266,174,75,85,905,1110,1047,1923,191,247,279,772,661,843,425,537,1264,284,614,104,1601,2769,1650,1420
2547,Chris Bosh,893,31936.0,6209,12581,0.494,305.0,910.0,0.335,4466,5591,0.799,1927.0,5665.0,7592.0,1795,730.0,932.0,1807.0,2159,17189,0.993,0.404,0.506,0.571,281,129,119,141,741,630,620,1103,61,66,1041,121,58,92,543,364,117,173,349,105,2472,2630,1139,562
185,Chris Webber,831,30852.0,7192,15024,0.479,264.0,883.0,0.299,2534,3906,0.649,2271.0,5853.0,8124.0,3526,1197.0,1200.0,2313.0,2700,17182,1.524,0.518,0.487,0.513,391,149,74,75,994,679,635,1654,250,169,3507,69,52,77,178,103,64,86,140,106,1391,1901,1635,2027
203999,Nikola Jokić,777,24754.0,6575,11702,0.562,881.0,2418.0,0.364,3127,3788,0.826,2080.0,6450.0,8530.0,5734,993.0,560.0,2289.0,2084,17158,2.505,0.434,0.6,0.642,500,316,98,177,184,227,220,603,159,184,662,100,43,71,48,188,250,90,370,107,345,2442,159,110
255,Grant Hill,1026,34778.0,6345,13126,0.483,219.0,697.0,0.314,4228,5498,0.769,1176.0,4993.0,6169.0,4252,1248.0,576.0,2459.0,2377,17137,1.729,0.508,0.492,0.551,139,86,110,124,909,741,721,1468,72,70,1579,337,97,180,108,86,244,70,256,108,1074,1955,1530,926
202691,Klay Thompson,904,28674.0,6317,14079,0.449,2809.0,6865.0,0.409,1549,1806,0.858,417.0,2719.0,3136.0,2044,742.0,456.0,1458.0,1742,16992,1.402,0.509,0.548,0.571,268,206,113,97,1747,4,6,158,544,637,347,1040,360,594,464,352,317,313,586,109,1600,1946,440,569
600003,Bob Cousy,924,30165.0,6168,16468,0.375,,,,4624,5756,0.803,,,4786.0,6955,,,,2242,16960,,,0.375,0.446,239,161,124,46,3662,3789,3789,3789,54,56,949,4093,4093,310,22,4093,4093,3891,313,110,3891,3891,3894,3544
1882,Elton Brand,1058,34906.0,6599,13185,0.5,2.0,21.0,0.095,3627,4929,0.736,3304.0,5736.0,9040.0,2184,940.0,1828.0,2060.0,3115,16827,1.06,0.456,0.501,0.548,114,83,97,122,584,2409,2215,2734,104,90,2226,21,57,58,417,216,24,127,65,111,2226,2324,1262,997
433,Buck Williams,1307,42470.0,6404,11661,0.549,5.0,30.0,0.167,3971,5979,0.664,4526.0,8491.0,13017.0,1646,1080.0,1100.0,2784.0,4267,16784,0.591,0.388,0.549,0.587,21,28,105,182,231,2139,2051,2495,83,46,3360,3,14,16,609,149,85,40,6,112,3225,2723,430,365
84,Latrell Sprewell,913,35268.0,6076,14294,0.425,1104.0,3272.0,0.337,3456,4298,0.804,770.0,2954.0,3724.0,3664,1294.0,399.0,2450.0,1689,16712,1.496,0.528,0.464,0.516,256,79,133,90,2483,134,113,1071,122,133,939,575,317,462,163,78,379,72,622,113,1448,1844,2279,1916
201950,Jrue Holiday,1052,34617.0,6519,14124,0.462,1610.0,4360.0,0.369,2006,2545,0.788,1018.0,3399.0,4417.0,6550,1496.0,538.0,2713.0,2223,16654,2.414,0.551,0.519,0.546,122,88,100,95,1379,42,42,523,399,414,1211,413,242,352,30,56,265,43,316,114,407,1708,854,1040
201144,Mike Conley,1207,37240.0,5835,13344,0.437,1968.0,5071.0,0.388,3008,3642,0.826,570.0,2945.0,3515.0,6731,1623.0,249.0,2201.0,2324,16646,3.058,0.737,0.511,0.557,48,61,147,114,2118,22,25,277,182,207,655,773,320,503,25,31,640,101,277,115,122,861,1014,818
202710,Jimmy Butler III,906,29951.0,5381,11360,0.474,716.0,2168.0,0.33,5163,6115,0.844,1527.0,3328.0,4855.0,3953,1453.0,387.0,1457.0,1242,16641,2.713,0.997,0.505,0.592,263,167,194,196,1082,305,272,1239,36,44,456,216,247,302,131,59,391,314,977,116,250,383,1148,310
76054,Nate Archibald,876,31159.0,5899,12628,0.467,19.0,85.0,0.224,4664,5760,0.81,344.0,1015.0,2046.0,6476,719.0,81.0,1123.0,2002,16481,2.425,0.32,0.468,0.543,312,144,144,139,1249,1653,1583,2227,51,55,856,1183,1133,979,31,378,1405,483,434,117,400,3087,2168,1117
711,Jerry Stackhouse,970,30226.0,5386,13182,0.409,988.0,3202.0,0.309,4649,5659,0.822,926.0,2141.0,3067.0,3240,869.0,437.0,2641.0,1810,16409,1.227,0.329,0.446,0.524,189,159,192,123,2970,182,125,1528,53,60,706,471,517,611,204,263,336,48,542,118,1936,3055,2758,1701
247,Joe Dumars,1018,35141.0,5994,13026,0.46,990.0,2592.0,0.382,3424,4061,0.843,671.0,1532.0,2203.0,4612,902.0,83.0,2084.0,1826,16402,2.213,0.433,0.498,0.554,141,80,138,130,1423,181,197,356,126,157,469,666,776,905,87,241,1391,122,532,119,549,2452,1374,883
200768,Kyle Lowry,1179,36726.0,5252,12408,0.423,2207.0,6005.0,0.368,3651,4478,0.815,892.0,4072.0,4964.0,7106,1500.0,351.0,2630.0,3164,16362,2.702,0.57,0.512,0.569,58,64,200,153,2537,14,12,557,101,118,776,503,158,288,19,55,442,50,61,120,253,1583,991,601
1460,James Worthy,926,30001.0,6878,13204,0.521,117.0,486.0,0.241,2447,3184,0.769,1561.0,3147.0,4708.0,2791,1041.0,624.0,1859.0,1975,16320,1.501,0.56,0.525,0.559,236,166,84,121,379,998,878,2123,272,276,1588,209,283,318,281,167,223,157,450,121,1415,1645,734,770
950,Stephon Marbury,846,31890.0,5769,13324,0.433,991.0,3048.0,0.325,3768,4804,0.784,579.0,1937.0,2516.0,6471,1022.0,121.0,2547.0,2014,16297,2.541,0.401,0.47,0.528,361,130,152,115,2260,180,138,1314,95,96,1272,761,595,784,32,176,1119,56,426,122,333,2638,2103,1586
1889,Andre Miller,1304,40268.0,6035,13104,0.461,193.0,888.0,0.217,4015,4975,0.807,1373.0,3422.0,4795.0,8524,1546.0,227.0,3121.0,2882,16278,2.731,0.495,0.468,0.532,22,39,135,126,1410,799,633,2274,80,85,895,268,240,309,13,45,705,28,101,123,245,2096,2167,1445
76056,Paul Arizin,713,24897.0,5628,13354,0.421,,,,5010,6189,0.81,,,6129.0,1665,,,,2764,16266,,,0.421,0.506,630,310,169,113,2581,3789,3789,3789,41,43,867,4093,4093,182,601,4093,4093,3891,127,124,3891,3891,3281,2218
78200,Randy Smith,976,31444.0,6676,14218,0.47,17.0,110.0,0.155,2893,3705,0.781,861.0,1977.0,3597.0,4487,1403.0,57.0,1158.0,2556,16262,1.756,0.634,0.47,0.513,181,137,95,94,1185,1700,1476,2555,193,198,1339,519,579,488,95,64,1625,468,190,125,1031,1250,2105,2030
436,Juwan Howard,1208,36648.0,6543,13950,0.469,6.0,50.0,0.12,3067,4014,0.764,2348.0,5080.0,7428.0,2663,818.0,312.0,2469.0,3493,16159,1.079,0.331,0.469,0.514,47,65,99,100,1203,2079,1822,2683,172,158,1673,61,92,99,308,293,499,68,34,126,2189,3045,2131,1980
203468,CJ McCollum,825,26428.0,6133,13547,0.453,2088.0,5273.0,0.396,1775,2227,0.797,532.0,2463.0,2995.0,3142,731.0,336.0,1487.0,1735,16129,2.113,0.492,0.53,0.555,406,261,128,110,1626,18,22,229,463,491,1077,843,420,627,218,363,462,301,594,127,631,2120,666,849
157,Derek Harper,1199,37776.0,6191,13384,0.463,1070.0,3026.0,0.354,2554,3426,0.745,696.0,2188.0,2884.0,6577,1957.0,304.0,2334.0,2755,16006,2.818,0.838,0.503,0.537,50,57,120,112,1359,151,139,794,247,242,2062,636,497,654,29,16,515,83,130,128,213,598,1205,1289
739,Rasheed Wallace,1109,36249.0,6320,13529,0.467,1086.0,3228.0,0.336,2280,3162,0.721,1578.0,5826.0,7404.0,1994,1090.0,1460.0,1693.0,3259,16006,1.178,0.644,0.507,0.536,84,70,112,111,1248,139,122,1083,320,284,2457,206,53,100,475,138,44,214,51,128,2015,1209,1095,1322
2405,Amar'e Stoudemire,846,26253.0,5911,11009,0.537,30.0,127.0,0.236,4142,5444,0.761,2029.0,4603.0,6632.0,1050,636.0,1054.0,1953.0,2685,15994,0.538,0.326,0.538,0.597,361,267,143,221,288,1488,1414,2148,74,71,1736,111,124,149,920,453,94,138,147,130,3296,3065,551,275
78404,Kiki Vandeweghe,810,24521.0,6139,11699,0.525,218.0,592.0,0.368,3484,3997,0.872,893.0,1892.0,2785.0,1668,468.0,243.0,1310.0,1560,15980,1.273,0.357,0.534,0.594,434,328,127,178,358,746,786,544,119,160,277,500,616,693,600,703,659,378,707,131,1821,2883,607,302
77459,Pete Maravich,658,24316.0,6187,14025,0.441,10.0,15.0,0.667,3564,4344,0.82,426.0,1421.0,2747.0,3563,587.0,108.0,530.0,1865,15948,1.247,0.349,0.441,0.5,750,338,122,98,1988,1880,2357,24,113,126,719,1017,852,705,171,519,1204,1008,510,132,1886,2925,2866,2376
202699,Tobias Harris,994,31387.0,6093,12748,0.478,1340.0,3668.0,0.365,2403,2872,0.837,996.0,5085.0,6081.0,2352,788.0,545.0,1367.0,1973,15929,1.721,0.576,0.531,0.568,157,139,131,135,1000,74,79,591,291,340,528,429,90,189,374,317,260,352,452,133,1083,1542,651,607
78388,Jack Twyman,823,26147.0,6237,13873,0.45,,,,3366,4325,0.778,,,5424.0,1861,,,,2782,15840,,,0.45,0.502,413,271,115,103,1718,3789,3789,3789,135,128,1393,4093,4093,244,518,4093,4093,3891,122,134,3891,3891,2670,2331
1497,Chauncey Billups,1043,33008.0,4738,11413,0.415,1830.0,4725.0,0.387,4496,5029,0.894,480.0,2512.0,2992.0,5636,1051.0,168.0,2138.0,2169,15802,2.636,0.492,0.495,0.58,128,114,269,195,2774,29,32,285,59,84,196,930,409,629,52,160,901,111,342,135,279,2120,1441,443
96,Detlef Schrempf,1136,33609.0,5400,10995,0.491,475.0,1236.0,0.384,4486,5585,0.803,1871.0,5152.0,7023.0,3833,856.0,312.0,2268.0,3360,15761,1.69,0.377,0.513,0.586,74,106,190,223,772,456,491,324,60,67,952,132,87,120,145,272,499,91,41,136,1134,2762,975,375
1888,Richard Hamilton,921,29562.0,5969,13288,0.449,530.0,1530.0,0.346,3240,3805,0.852,794.0,2058.0,2852.0,3125,714.0,131.0,1977.0,2329,15708,1.581,0.361,0.469,0.525,242,178,139,117,1729,422,417,909,147,181,402,560,543,666,221,385,1068,134,272,137,1300,2863,2134,1659
77685,Larry Nance,920,30697.0,6370,11664,0.546,8.0,55.0,0.145,2939,3892,0.755,2299.0,5053.0,7352.0,2393,872.0,2027.0,1711.0,2703,15687,1.399,0.51,0.546,0.586,245,150,108,181,239,1978,1781,2586,192,172,1834,66,93,102,366,262,20,209,139,138,1616,1941,461,372
1626157,Karl-Anthony Towns,683,23199.0,5717,10974,0.521,1180.0,2967.0,0.398,3060,3647,0.839,1916.0,5656.0,7572.0,2149,558.0,796.0,1843.0,2333,15674,1.166,0.303,0.575,0.623,695,383,158,225,376,115,146,220,174,206,510,124,59,93,426,567,158,163,269,139,2035,3152,244,156
204,Jeff Hornacek,1077,33961.0,5929,11957,0.496,828.0,2055.0,0.403,2973,3390,0.877,919.0,2727.0,3646.0,5281,1536.0,226.0,1971.0,2364,15659,2.679,0.779,0.53,0.582,102,97,141,166,711,250,293,179,187,245,241,473,357,473,62,47,707,136,259,140,263,756,653,421
952,Antoine Walker,893,31533.0,6085,14710,0.414,1386.0,4264.0,0.325,2091,3303,0.633,1894.0,4997.0,6891.0,3170,1085.0,469.0,2504.0,2516,15647,1.266,0.433,0.461,0.484,281,136,132,84,2820,69,49,1315,374,258,3662,127,96,130,212,142,311,61,205,141,1835,2452,2383,2829
208,Sam Cassell,993,29813.0,5698,12558,0.454,672.0,2029.0,0.331,3567,4144,0.861,618.0,2603.0,3221.0,5939,1058.0,163.0,2418.0,2744,15635,2.456,0.438,0.48,0.544,159,169,162,144,1601,332,296,1226,112,149,327,721,387,572,44,156,918,75,131,142,388,2420,1836,1115
101150,Lou Williams,1123,27104.0,5047,12045,0.419,1457.0,4146.0,0.351,4042,4803,0.842,431.0,2053.0,2484.0,3789,952.0,192.0,1896.0,1439,15593,1.998,0.502,0.479,0.551,76,246,226,161,2648,62,55,830,78,97,483,1006,546,793,148,208,813,149,791,143,773,1993,1873,941
201567,Kevin Love,975,27904.0,5128,11718,0.438,1708.0,4638.0,0.368,3623,4376,0.828,2252.0,7370.0,9622.0,2215,584.0,375.0,1696.0,1884,15587,1.306,0.344,0.51,0.571,184,222,215,176,2101,38,36,543,105,124,629,71,26,48,405,525,408,212,499,144,1760,2949,1026,567
345,Terry Porter,1274,35355.0,5428,11734,0.463,1297.0,3360.0,0.386,3433,4107,0.836,715.0,3157.0,3872.0,7160,1583.0,181.0,2666.0,2203,15586,2.686,0.594,0.518,0.576,32,78,184,174,1358,83,102,297,124,150,529,615,281,445,18,40,856,47,326,145,260,1449,866,498
76750,Walt Frazier,825,30965.0,6130,12516,0.49,0.0,1.0,0.0,3321,4226,0.786,403.0,1523.0,4830.0,5040,681.0,63.0,139.0,2180,15581,1.791,0.662,0.49,0.542,406,146,129,145,793,2828,3170,2828,138,141,1246,1063,782,306,74,415,1565,1863,334,146,990,1140,1575,1160
202695,Kawhi Leonard,763,24296.0,5644,11323,0.498,1274.0,3245.0,0.393,3018,3493,0.864,899.0,3951.0,4850.0,2340,1322.0,490.0,1276.0,1266,15580,1.834,1.036,0.555,0.606,524,340,165,197,671,86,118,251,180,228,309,493,176,303,377,76,298,397,951,147,933,280,385,224
600014,Artis Gilmore,909,29685.0,5732,9570,0.599,1.0,13.0,0.077,4114,5768,0.713,2639.0,6522.0,9161.0,1777,470.0,1747.0,2347.0,2986,15579,0.672,0.182,0.599,0.643,261,173,155,319,115,2566,2428,2766,75,54,2590,45,41,55,546,697,29,82,79,148,3066,3491,161,105
1740,Rashard Lewis,1049,33543.0,5644,12479,0.452,1787.0,4625.0,0.386,2504,3111,0.805,1418.0,4015.0,5433.0,1765,1115.0,541.0,1577.0,2430,15579,1.119,0.707,0.524,0.563,124,107,165,148,1643,32,37,295,256,291,930,257,164,243,556,131,261,262,237,148,2119,951,764,712
77141,Dennis Johnson,1100,35954.0,5832,13100,0.445,80.0,464.0,0.172,3791,4754,0.797,1459.0,2790.0,4249.0,5499,1477.0,675.0,2448.0,3087,15535,2.196,0.553,0.448,0.511,91,73,148,127,1847,1142,895,2483,93,100,1066,241,348,381,56,57,197,73,68,150,563,1699,2707,2074
76500,Bob Dandridge,839,29502.0,6445,13317,0.484,2.0,12.0,0.167,2638,3382,0.78,908.0,2337.0,5715.0,2846,661.0,303.0,630.0,2940,15530,1.433,0.352,0.484,0.524,374,179,104,116,899,2409,2472,2495,234,248,1353,488,453,217,272,430,518,890,86,151,1551,2909,1736,1678
77196,Sam Jones,871,24285.0,6271,13745,0.456,,,,2869,3572,0.803,,,4305.0,2209,,,,1735,15411,,,0.456,0.503,323,342,114,105,1541,3789,3789,3789,197,216,953,4093,4093,371,408,4093,4093,3891,594,152,3891,3891,2507,2299
896,Tim Hardaway,867,30628.0,5640,13076,0.431,1542.0,4345.0,0.355,2551,3263,0.782,544.0,2311.0,2855.0,7095,1428.0,129.0,2481.0,2027,15373,2.86,0.576,0.49,0.53,334,153,167,128,2317,53,43,772,249,268,1328,822,463,664,20,62,1081,65,418,153,202,1542,1562,1543
76107,Dick Barnett,971,28937.0,6034,13227,0.456,,,,3290,4324,0.761,1.0,3.0,2812.0,2729,1.0,0.0,,2514,15358,,,0.456,0.508,186,193,136,120,1544,3789,3789,3789,141,129,1735,3755,3784,679,294,3651,3622,3891,207,154,3891,3891,2509,2180
431,Shawn Kemp,1051,29299.0,5505,11278,0.488,33.0,119.0,0.277,4304,5805,0.741,3026.0,5808.0,8834.0,1704,1185.0,1279.0,2766.0,3826,15347,0.616,0.428,0.49,0.555,123,182,175,202,816,1455,1451,1857,68,51,2122,30,55,62,583,106,57,42,20,155,3176,2501,1578,856
64,Sam Perkins,1286,36598.0,5498,11984,0.459,849.0,2348.0,0.362,3479,4292,0.811,2324.0,5342.0,7666.0,1975,1105.0,933.0,1586.0,3177,15324,1.245,0.697,0.494,0.552,27,66,177,165,1479,244,237,651,120,134,847,64,73,88,482,134,116,255,60,156,1890,990,1467,907
76598,John Drew,739,21828.0,5481,11658,0.47,10.0,57.0,0.175,4319,5774,0.748,2158.0,2930.0,5088.0,1224,1004.0,193.0,1402.0,2641,15291,0.573,0.46,0.471,0.538,570,438,179,184,1169,1880,1766,2477,66,53,2018,81,322,279,809,181,808,336,157,157,3255,2297,2091,1253
2,Byron Scott,1073,30152.0,5918,12268,0.482,775.0,2093.0,0.37,2486,2985,0.833,677.0,2310.0,2987.0,2729,1224.0,276.0,1597.0,2051,15097,1.709,0.766,0.514,0.556,106,163,142,156,930,277,287,513,264,307,583,657,464,632,294,92,575,248,397,158,1104,781,948,834
78398,Dick Van Arsdale,921,31771.0,5413,11661,0.464,,,,4253,5385,0.79,188.0,476.0,3807.0,3060,264.0,44.0,,2575,15079,,,0.464,0.537,242,132,188,182,1318,3789,3789,3789,71,73,1195,1607,1662,453,232,1134,1775,3891,183,159,3891,3891,2271,1290
949,Shareef Abdur-Rahim,830,28883.0,5434,11515,0.472,154.0,519.0,0.297,4006,4943,0.81,1869.0,4370.0,6239.0,2109,820.0,638.0,2136.0,2324,15028,0.987,0.384,0.479,0.549,395,194,183,189,1118,894,847,1678,81,89,848,133,136,175,438,292,215,113,277,160,2482,2737,1901,981
77615,Mike Mitchell,759,24537.0,6371,12912,0.493,19.0,88.0,0.216,2255,2894,0.779,1539.0,2707.0,4246.0,1010,530.0,400.0,1300.0,2012,15016,0.777,0.408,0.494,0.529,530,326,107,132,746,1653,1564,2277,328,331,1370,211,363,382,950,607,378,383,429,161,2878,2616,1469,1549
2210,Richard Jefferson,1181,34299.0,5150,11102,0.464,1042.0,2769.0,0.376,3562,4639,0.768,917.0,3803.0,4720.0,2412,787.0,347.0,1768.0,2637,14904,1.364,0.445,0.511,0.567,57,93,211,217,1321,163,170,409,114,107,1599,478,190,316,360,318,447,185,159,162,1662,2373,1017,640
229,James Edwards,1168,28356.0,5802,11724,0.495,1.0,21.0,0.048,3257,4666,0.698,1804.0,4200.0,6004.0,1499,420.0,867.0,1931.0,4042,14862,0.776,0.218,0.495,0.539,62,214,149,175,724,2566,2215,2812,144,106,2837,147,150,194,675,784,139,144,12,163,2880,3424,1450,1229
101145,Monta Ellis,833,29011.0,5723,12688,0.451,737.0,2349.0,0.314,2675,3463,0.772,520.0,2354.0,2874.0,3856,1409.0,281.0,2246.0,1950,14858,1.717,0.627,0.48,0.523,385,188,156,136,1676,292,234,1471,227,235,1503,860,451,658,144,63,567,97,464,164,1088,1284,1854,1732
201143,Al Horford,1161,36363.0,6116,12041,0.508,1011.0,2689.0,0.376,1615,2114,0.764,2192.0,6863.0,9055.0,3676,884.0,1324.0,1591.0,2441,14858,2.31,0.556,0.55,0.573,65,69,130,162,496,169,184,413,519,529,1675,77,40,57,161,248,52,254,231,164,486,1671,427,540
203952,Andrew Wiggins,803,27063.0,5488,12194,0.45,1217.0,3393.0,0.359,2560,3525,0.726,1063.0,2544.0,3607.0,1859,786.0,558.0,1489.0,1745,14753,1.248,0.528,0.5,0.537,445,248,178,158,1703,109,98,709,246,220,2375,388,402,486,519,319,252,299,585,166,1885,1844,1339,1311
1710,Mike Bibby,1001,33959.0,5410,12412,0.436,1517.0,3999.0,0.379,2361,2943,0.802,529.0,2574.0,3103.0,5517,1172.0,149.0,2134.0,1931,14698,2.585,0.549,0.497,0.536,152,98,189,152,2155,55,59,382,300,318,963,847,393,604,55,108,978,114,477,167,312,1719,1407,1328
76902,Richie Guerin,848,27449.0,5174,12451,0.416,,,,4328,5549,0.78,,,4278.0,4211,,,,2769,14676,,,0.416,0.493,360,237,208,150,2760,3789,3789,3789,65,69,1356,4093,4093,376,113,4093,4093,3891,125,168,3891,3891,3359,2596
77097,Dan Issel,718,22342.0,5424,10711,0.506,19.0,75.0,0.253,3792,4756,0.797,1686.0,4021.0,5707.0,1804,698.0,396.0,1281.0,2022,14659,1.27,0.474,0.507,0.572,622,414,185,245,514,1653,1643,2004,92,99,1070,174,162,219,539,398,384,394,423,169,1828,2215,1094,545
2202,Jason Richardson,857,29243.0,5558,12681,0.438,1608.0,4344.0,0.37,1920,2714,0.707,1033.0,3212.0,4245.0,2284,995.0,367.0,1503.0,1963,14644,1.52,0.662,0.502,0.528,348,183,173,138,2084,44,44,515,417,373,2679,403,274,384,383,187,418,296,459,170,1395,1140,1231,1590
78532,Jamaal Wilkes,828,27275.0,6226,12471,0.499,7.0,52.0,0.135,2185,2878,0.759,1627.0,3490.0,5117.0,2050,1049.0,262.0,1211.0,2296,14644,1.23,0.589,0.5,0.533,400,241,116,149,663,2025,1806,2636,347,338,1771,191,229,274,462,163,610,427,285,170,1926,1471,1347,1421
78139,Purvis Short,842,24549.0,5934,12507,0.474,125.0,443.0,0.282,2614,3174,0.824,1424.0,2201.0,3625.0,2123,878.0,178.0,1720.0,2479,14607,1.234,0.51,0.479,0.525,370,324,140,146,1055,966,913,1826,239,279,684,253,493,481,434,254,866,204,221,172,1913,1941,1874,1646
76981,Spencer Haywood,760,25600.0,5790,12447,0.465,1.0,8.0,0.125,3011,3766,0.8,1493.0,3228.0,7038.0,1351,355.0,629.0,716.0,2167,14592,0.615,0.236,0.465,0.517,528,292,151,151,1297,2566,2612,2656,181,186,1025,230,269,119,747,898,221,791,343,173,3180,3381,2236,1882
275,Allan Houston,839,28310.0,5337,12017,0.444,1305.0,3247.0,0.402,2572,2979,0.863,353.0,2081.0,2434.0,1990,566.0,139.0,1760.0,2062,14551,1.131,0.322,0.498,0.546,374,217,197,163,1892,80,115,186,243,309,311,1160,536,810,477,555,1018,188,386,174,2095,3079,1366,1054
200794,Paul Millsap,1085,30499.0,5455,11158,0.489,541.0,1588.0,0.341,3085,4190,0.736,2343.0,5330.0,7673.0,2378,1327.0,1045.0,1829.0,3248,14536,1.3,0.726,0.513,0.559,99,157,180,212,804,415,401,1015,168,145,2216,62,74,87,370,75,97,167,53,175,1771,893,964,763
78049,Bill Russell,963,40726.0,5687,12930,0.44,,,,3148,5614,0.561,,,21620.0,4100,,,,2592,14522,,,0.44,0.471,197,36,163,131,2028,3789,3789,3789,155,63,4205,4093,4093,2,122,4093,4093,3891,176,176,3891,3891,2909,3111
201933,Blake Griffin,765,24384.0,5419,10988,0.493,538.0,1639.0,0.328,3137,4508,0.696,1487.0,4622.0,6109.0,3055,626.0,359.0,1732.0,2058,14513,1.764,0.361,0.518,0.559,519,335,186,224,749,418,383,1269,157,115,2872,231,119,185,234,466,430,199,393,177,1021,2863,868,759
202689,Kemba Walker,750,24810.0,4999,11954,0.418,1670.0,4642.0,0.36,2818,3354,0.84,418.0,2413.0,2831.0,3938,923.0,282.0,1574.0,1111,14486,2.502,0.586,0.488,0.539,544,314,236,167,2673,40,35,693,202,253,499,1037,431,673,133,229,564,264,1098,178,346,1486,1618,1232
765,Hersey Hawkins,983,32037.0,4889,10612,0.461,1226.0,3108.0,0.394,3466,3985,0.87,825.0,2729.0,3554.0,2860,1622.0,302.0,1828.0,2043,14470,1.565,0.887,0.518,0.585,175,128,244,250,1403,104,132,237,121,162,286,537,355,495,268,32,519,169,404,179,1334,516,858,386
894,Ricky Pierce,969,23669.0,5391,10925,0.493,296.0,920.0,0.322,3389,3871,0.875,864.0,1432.0,2296.0,1826,768.0,147.0,1453.0,2213,14467,1.257,0.529,0.507,0.573,191,364,191,230,743,643,614,1363,133,175,249,518,843,865,530,330,984,318,320,180,1850,1838,1103,539
393,Rod Strickland,1094,33635.0,5418,11928,0.454,195.0,691.0,0.282,3432,4759,0.721,1172.0,2912.0,4084.0,7987,1616.0,215.0,2862.0,2048,14463,2.791,0.565,0.462,0.516,93,105,187,171,1591,793,722,1825,125,98,2452,342,325,405,14,35,744,35,401,181,221,1617,2328,1939
1628378,Donovan Mitchell,577,19530.0,5112,11308,0.452,1766.0,4801.0,0.368,2457,2922,0.841,467.0,2037.0,2504.0,2742,796.0,183.0,1560.0,1396,14447,1.758,0.51,0.53,0.574,935,541,218,199,1650,33,30,553,271,325,489,951,552,786,290,310,844,274,825,182,1028,1941,660,526
201145,Jeff Green,1232,33323.0,5215,11581,0.45,1209.0,3573.0,0.338,2806,3490,0.804,1004.0,3886.0,4890.0,1786,759.0,592.0,1583.0,2507,14445,1.128,0.479,0.503,0.551,40,111,204,187,1698,113,82,1058,205,230,940,425,182,297,544,339,234,257,209,183,2103,2190,1206,942
600001,Nate Thurmond,964,35881.0,5521,13105,0.421,,,,3395,5089,0.667,744.0,1827.0,14464.0,2575,125.0,553.0,,2624,14437,,,0.421,0.47,195,74,174,125,2590,3789,3789,3789,130,82,3247,597,651,11,320,1656,253,3891,164,184,3891,3891,3283,3139
203944,Julius Randle,751,24106.0,5212,11024,0.473,916.0,2738.0,0.335,3087,4080,0.757,1477.0,5307.0,6784.0,2943,529.0,290.0,2095.0,2261,14427,1.405,0.253,0.514,0.563,543,345,205,220,1098,217,179,1116,167,153,1808,236,75,134,253,610,553,121,301,185,1596,3313,939,707
78510,Jojo White,837,29941.0,6169,13884,0.444,1.0,6.0,0.167,2060,2471,0.834,472.0,1468.0,3345.0,4095,686.0,112.0,504.0,2056,14399,1.651,0.452,0.444,0.481,377,168,123,102,1885,2566,2715,2495,382,431,551,942,817,548,123,407,1165,1060,394,186,1195,2338,2806,2910
2744,Al Jefferson,915,26298.0,6161,12344,0.499,8.0,66.0,0.121,2013,2833,0.711,2054.0,5636.0,7690.0,1347,628.0,1093.0,1211.0,2347,14343,1.112,0.519,0.499,0.528,251,265,125,154,665,1978,1694,2682,395,346,2632,106,60,86,749,462,88,427,265,187,2135,1893,1349,1592
297,Alonzo Mourning,838,25977.0,5116,9701,0.527,22.0,89.0,0.247,4057,5862,0.692,2184.0,4953.0,7137.0,946,414.0,2356.0,2209.0,2810,14311,0.428,0.187,0.529,0.583,376,275,216,308,343,1599,1557,2094,77,48,2941,78,101,113,993,792,11,100,117,188,3458,3489,687,413
203084,Harrison Barnes,1034,32210.0,5024,10945,0.459,1517.0,3955.0,0.384,2698,3326,0.811,1046.0,3818.0,4864.0,1829,704.0,183.0,1164.0,1517,14263,1.571,0.605,0.528,0.575,132,121,233,227,1470,55,60,337,221,255,841,398,188,300,529,392,844,461,735,189,1323,1387,690,510
299,Glenn Robinson,688,25342.0,5571,12129,0.459,620.0,1823.0,0.34,2472,3016,0.82,1027.0,3162.0,4189.0,1879,826.0,389.0,2147.0,1847,14234,0.875,0.385,0.485,0.529,684,296,172,160,1452,361,341,1031,267,303,727,406,279,390,510,287,389,109,520,190,2680,2729,1705,1559
78399,Tom Van Arsdale,929,28682.0,5505,12763,0.431,,,,3222,4226,0.762,247.0,794.0,3942.0,2085,230.0,16.0,,2922,14232,,,0.431,0.487,231,203,175,134,2316,3789,3789,3789,151,141,1702,1416,1322,433,448,1244,2338,3891,90,191,3891,3891,3092,2763
201152,Thaddeus Young,1172,33012.0,6143,12202,0.503,522.0,1593.0,0.328,1417,2143,0.661,2296.0,4318.0,6614.0,2135,1612.0,458.0,1641.0,2486,14225,1.301,0.982,0.525,0.541,60,113,126,157,552,429,398,1277,598,520,3389,67,139,151,429,36,314,234,217,192,1769,392,747,1178
203897,Zach LaVine,683,22414.0,5057,10752,0.47,1611.0,4119.0,0.391,2446,2930,0.835,299.0,2456.0,2755.0,2660,590.0,189.0,1787.0,1438,14171,1.489,0.33,0.545,0.588,695,407,225,240,1162,41,56,260,273,323,545,1281,423,704,309,515,822,180,793,193,1459,3051,474,354
201569,Eric Gordon,931,28959.0,4833,11235,0.43,2092.0,5616.0,0.373,2409,2976,0.809,339.0,1776.0,2115.0,2511,780.0,326.0,1679.0,1613,14167,1.496,0.465,0.523,0.565,228,191,253,208,2351,17,17,476,287,311,868,1193,669,951,333,323,475,220,670,194,1448,2268,776,678
224,Eddie Jones,954,32782.0,4932,11286,0.437,1546.0,4147.0,0.373,2745,3394,0.809,761.0,3096.0,3857.0,2812,1620.0,580.0,1507.0,2483,14155,1.866,1.075,0.505,0.554,209,116,239,201,2127,50,54,469,214,244,877,586,288,447,276,33,240,295,218,195,903,246,1143,879
78549,Gus Williams,825,25645.0,5793,12570,0.461,108.0,454.0,0.238,2399,3173,0.756,818.0,1404.0,2222.0,4597,1638.0,291.0,1646.0,1637,14093,2.47,0.837,0.465,0.505,406,290,150,142,1400,1031,905,2139,292,280,1818,544,871,897,89,29,550,230,646,196,375,600,2239,2254
76545,Dave DeBusschere,875,31202.0,5722,13249,0.432,,,,2609,3730,0.699,134.0,623.0,9618.0,2497,67.0,39.0,,2801,14053,,,0.432,0.472,313,140,157,118,2293,3789,3789,3789,240,192,2818,1833,1480,49,338,2051,1848,3891,118,197,3891,3891,3081,3099
77418,Jerry Lucas,829,32131.0,5709,11441,0.499,,,,2635,3365,0.783,62.0,312.0,12942.0,2730,28.0,24.0,,2389,14053,,,0.499,0.544,398,123,159,194,666,3789,3789,3789,236,249,1300,2291,1894,17,292,2544,2140,3891,253,197,3891,3891,1353,1110
1938,Manu Ginobili,1057,26857.0,4584,10262,0.447,1495.0,4055.0,0.369,3380,4089,0.827,685.0,3012.0,3697.0,4001,1392.0,319.0,2116.0,2212,14043,1.891,0.658,0.52,0.582,117,255,293,270,1799,58,57,534,134,152,643,646,303,465,127,66,487,116,322,199,876,1150,838,422
2561,David West,1034,29141.0,5703,11519,0.495,57.0,215.0,0.265,2571,3148,0.817,1784.0,4806.0,6590.0,2273,764.0,850.0,1660.0,2408,14034,1.369,0.46,0.498,0.544,132,184,161,188,719,1253,1206,1942,245,288,760,153,109,154,389,335,142,223,248,200,1650,2297,1391,1109
76272,Fred Brown,963,24422.0,6006,12568,0.478,110.0,295.0,0.373,1896,2211,0.858,681.0,1601.0,2637.0,3160,1149.0,166.0,840.0,1937,14018,1.882,0.665,0.482,0.518,197,333,137,143,1003,1021,1081,467,422,499,350,653,742,744,213,119,908,668,470,201,884,1133,1788,1869
2430,Carlos Boozer,861,26906.0,5847,11221,0.521,1.0,14.0,0.071,2281,3158,0.722,2037.0,6155.0,8192.0,1928,765.0,346.0,1824.0,2612,13976,1.057,0.419,0.521,0.554,344,252,146,209,374,2566,2393,2779,318,286,2435,108,48,74,500,334,449,170,169,202,2233,2554,807,872
2738,Andre Iguodala,1231,39509.0,5028,10870,0.463,1081.0,3278.0,0.33,2831,3994,0.709,1118.0,4929.0,6047.0,5147,1765.0,633.0,2240.0,2180,13968,2.298,0.788,0.512,0.553,42,43,230,233,1360,141,112,1242,201,161,2662,365,104,192,70,20,218,99,334,203,496,734,988,896
1629029,Luka Dončić,482,16876.0,4696,10041,0.468,1487.0,4264.0,0.349,3074,4077,0.754,457.0,3671.0,4128.0,3978,606.0,220.0,1920.0,1114,13953,2.072,0.316,0.542,0.589,1170,692,275,284,1236,59,49,881,170,155,1852,963,209,403,130,488,730,146,1096,204,659,3101,507,339
76011,Alvan Adams,988,27203.0,5709,11464,0.498,2.0,15.0,0.133,2490,3160,0.788,2015.0,4922.0,6937.0,4012,1289.0,808.0,2194.0,3214,13910,1.477,0.489,0.498,0.541,163,244,159,192,676,2409,2357,2638,262,285,1216,112,105,128,126,79,153,104,56,205,1477,2134,1377,1180
166,Ron Harper,1009,31196.0,5326,11946,0.446,523.0,1811.0,0.289,2735,3799,0.72,1322.0,2987.0,4309.0,3916,1716.0,729.0,2251.0,2324,13910,1.74,0.762,0.468,0.511,146,141,198,170,1831,428,344,1761,216,182,2479,281,311,369,137,26,179,95,277,205,1064,790,2175,2088
77412,Bob Love,789,25120.0,5447,12688,0.429,,,,3001,3728,0.805,552.0,1033.0,4653.0,1123,232.0,56.0,,2130,13895,,,0.429,0.485,475,302,181,136,2366,3789,3789,3789,185,194,929,808,1118,325,876,1239,1632,3891,360,207,3891,3891,3129,2802
77160,Marques Johnson,691,23694.0,5733,11065,0.518,14.0,92.0,0.152,2412,3265,0.739,1825.0,2992.0,4817.0,2502,888.0,525.0,1627.0,1766,13892,1.538,0.546,0.519,0.556,677,362,154,218,399,1775,1550,2569,286,267,2174,139,308,307,336,244,274,239,566,208,1369,1735,852,839
456,Chuck Person,943,28941.0,5576,12176,0.458,1220.0,3370.0,0.362,1486,2056,0.723,1162.0,3601.0,4763.0,2645,683.0,197.0,1952.0,2565,13858,1.355,0.35,0.508,0.53,217,192,170,159,1500,107,100,641,566,543,2429,348,216,313,311,411,797,139,186,209,1680,2918,1079,1541
101114,Deron Williams,845,28865.0,4874,10964,0.445,1178.0,3296.0,0.357,2878,3502,0.822,353.0,2266.0,2619.0,6819,867.0,206.0,2402.0,2132,13804,2.839,0.361,0.498,0.552,366,195,247,226,1861,116,107,725,196,226,705,1160,471,748,24,266,769,80,358,210,203,2863,1369,913
100263,Bill Laimbeer,1068,33956.0,5574,11198,0.498,202.0,619.0,0.326,2440,2916,0.837,2819.0,7581.0,10400.0,2184,710.0,965.0,1594.0,3633,13790,1.37,0.445,0.507,0.552,110,99,171,210,679,779,764,1294,275,326,526,37,23,40,417,388,111,251,23,211,1649,2373,1111,903
1628369,Jayson Tatum,585,20185.0,4789,10429,0.459,1546.0,4181.0,0.37,2660,3167,0.84,512.0,3781.0,4293.0,2243,639.0,384.0,1389.0,1232,13784,1.615,0.46,0.533,0.583,919,505,261,262,1463,50,52,520,230,281,503,875,195,372,398,448,393,342,985,212,1244,2297,620,410
978,Peja Stojakovic,804,26966.0,4825,10719,0.45,1760.0,4392.0,0.401,2237,2500,0.895,747.0,3035.0,3782.0,1408,747.0,106.0,1090.0,1398,13647,1.292,0.685,0.532,0.577,444,251,255,243,1701,34,41,193,336,422,192,593,300,457,717,349,1213,499,821,213,1788,1030,634,472
76487,Billy Cunningham,654,22406.0,5116,11467,0.446,,,,3394,4717,0.72,159.0,714.0,6638.0,2625,115.0,45.0,,2431,13626,,,0.446,0.503,764,411,216,191,1825,3789,3789,3789,131,102,2482,1716,1394,147,316,1715,1760,3891,236,214,3891,3891,2755,2298
78615,Orlando Woolridge,851,24041.0,5150,10037,0.513,8.0,88.0,0.091,3315,4501,0.737,1361.0,2335.0,3696.0,1609,553.0,569.0,1747.0,2166,13623,0.921,0.317,0.514,0.567,354,348,211,286,445,1978,1564,2738,139,116,2213,275,455,466,627,571,247,193,344,215,2590,3096,954,643
1365,Xavier McDaniel,870,25204.0,5673,11685,0.485,74.0,283.0,0.261,2186,3046,0.718,2082.0,3231.0,5313.0,1775,791.0,416.0,1887.0,2557,13606,0.941,0.419,0.489,0.522,326,298,164,179,861,1166,1105,1960,346,298,2506,97,268,251,548,313,354,153,189,216,2555,2554,1601,1737
76462,Dave Cowens,766,29565.0,5744,12499,0.46,1.0,14.0,0.071,2027,2590,0.783,1574.0,5122.0,10444.0,2910,599.0,488.0,543.0,2920,13516,1.622,0.51,0.46,0.496,515,177,153,147,1443,2566,2393,2779,392,403,1304,207,89,39,261,501,300,985,92,217,1234,1941,2413,2523
1884,Baron Davis,835,28593.0,4888,11951,0.409,1332.0,4159.0,0.32,2339,3292,0.711,762.0,2421.0,3183.0,6025,1530.0,360.0,2308.0,2361,13447,2.61,0.663,0.465,0.502,382,208,245,168,2959,75,53,1384,303,261,2641,585,428,582,42,48,428,87,261,218,296,1138,2254,2337
76912,Cliff Hagan,745,21731.0,5239,11630,0.45,,,,2969,3722,0.798,,,5116.0,2242,,,,2388,13447,,,0.45,0.507,559,442,201,186,1694,3789,3789,3789,188,195,1063,4093,4093,276,400,4093,4093,3891,254,218,3891,3891,2648,2197
120,Steven Smith,942,28857.0,4609,10485,0.44,1148.0,3208.0,0.358,3064,3625,0.845,1112.0,1948.0,3060.0,2922,726.0,275.0,1714.0,2278,13430,1.705,0.424,0.494,0.556,219,197,288,259,2034,127,123,718,173,208,453,366,592,612,258,368,578,206,295,220,1114,2525,1461,832
124,Vlade Divac,1134,33838.0,5205,10510,0.495,100.0,426.0,0.235,2888,4176,0.692,2881.0,6445.0,9326.0,3541,1288.0,1631.0,2470.0,3609,13398,1.434,0.521,0.5,0.543,75,103,206,258,717,1058,936,2163,194,147,2952,36,44,54,176,80,33,67,24,221,1548,1881,1268,1145
78350,Rudy Tomjanovich,768,25714.0,5630,11240,0.501,34.0,130.0,0.262,2089,2666,0.784,1173.0,2783.0,6198.0,1573,374.0,175.0,332.0,1937,13383,1.081,0.331,0.502,0.539,511,285,168,207,579,1443,1404,1959,375,388,1287,340,350,178,645,857,876,1331,470,222,2184,3045,1208,1238
2736,Luol Deng,902,30942.0,5130,11257,0.456,658.0,1982.0,0.332,2443,3175,0.769,1462.0,4006.0,5468.0,2042,880.0,444.0,1459.0,1499,13361,1.4,0.603,0.485,0.528,273,147,214,204,1556,338,306,1220,274,278,1561,240,168,240,465,252,330,312,744,223,1602,1393,1701,1582
979,Jermaine O'Neal,1011,27368.0,5144,11025,0.467,14.0,95.0,0.147,3007,4208,0.715,1991.0,5270.0,7261.0,1369,470.0,1820.0,1872.0,2896,13309,0.731,0.251,0.467,0.517,144,239,213,219,1273,1775,1539,2582,183,144,2549,113,79,108,735,697,25,155,95,224,2984,3320,2184,1897
1733,Al Harrington,981,28003.0,5028,11318,0.444,977.0,2778.0,0.352,2204,3030,0.727,1495.0,3987.0,5482.0,1649,858.0,246.0,1838.0,3069,13237,0.897,0.467,0.487,0.523,176,220,230,198,1889,188,169,824,341,302,2356,229,171,238,607,270,649,165,71,225,2648,2255,1637,1712
147,Jalen Rose,923,27925.0,4852,10945,0.443,746.0,2102.0,0.355,2770,3457,0.801,491.0,2702.0,3193.0,3527,729.0,315.0,2102.0,2408,13220,1.678,0.347,0.477,0.53,240,221,250,227,1921,290,283,771,213,237,972,912,364,578,177,365,493,119,248,226,1146,2939,1926,1522
1894,Corey Maggette,827,23361.0,4065,8969,0.453,463.0,1431.0,0.324,4605,5599,0.822,915.0,3107.0,4022.0,1696,590.0,139.0,1874.0,2338,13198,0.905,0.315,0.479,0.577,401,377,355,362,1613,467,436,1338,55,65,698,480,286,417,588,515,1018,154,267,227,2634,3107,1888,474
203114,Khris Middleton,803,24474.0,4785,10411,0.46,1431.0,3717.0,0.385,2158,2461,0.877,506.0,3299.0,3805.0,3154,924.0,159.0,1660.0,2025,13159,1.9,0.557,0.528,0.572,445,332,262,263,1440,67,75,305,355,433,243,883,255,454,215,227,937,223,420,228,865,1667,689,546
134,Kevin Johnson,735,25059.0,4512,9160,0.493,160.0,524.0,0.305,3943,4691,0.841,487.0,1917.0,2404.0,6711,1082.0,176.0,2258.0,1541,13127,2.972,0.479,0.501,0.585,580,304,301,352,758,876,839,1572,86,105,496,920,606,820,27,146,872,93,716,229,168,2190,1242,389
1897,Metta World Peace,991,31439.0,4666,11266,0.414,1154.0,3402.0,0.339,2572,3596,0.715,1159.0,3289.0,4448.0,2631,1721.0,522.0,1791.0,2586,13058,1.469,0.961,0.465,0.508,162,138,280,203,2807,123,95,1047,243,214,2540,349,259,348,315,25,277,178,178,230,1489,411,2232,2163
203954,Joel Embiid,473,15021.0,4285,8567,0.5,553.0,1656.0,0.334,3894,4699,0.829,1050.0,4083.0,5133.0,1727,425.0,763.0,1613.0,1416,13017,1.071,0.263,0.532,0.612,1198,809,326,395,588,407,379,1123,87,104,621,394,157,273,571,774,167,245,813,231,2201,3291,631,198
77662,Jeff Mullins,802,24574.0,5383,11631,0.463,,,,2251,2764,0.814,144.0,287.0,3427.0,3023,140.0,37.0,,2165,13017,,,0.463,0.507,447,322,193,185,1346,3789,3789,3789,330,361,787,1788,1942,524,238,1561,1876,3891,345,231,3891,3891,2315,2207
270,Horace Grant,1165,38625.0,5439,10695,0.509,4.0,63.0,0.063,2114,3053,0.692,3467.0,5976.0,9443.0,2575,1143.0,1136.0,1303.0,2832,12996,1.976,0.877,0.509,0.54,63,49,182,246,487,2220,1709,2791,370,297,2921,16,50,52,320,121,76,382,114,233,792,531,1062,1218
2746,Josh Smith,894,28999.0,5089,11247,0.452,450.0,1578.0,0.285,2368,3748,0.632,1717.0,4936.0,6653.0,2789,1083.0,1713.0,2197.0,2461,12996,1.269,0.493,0.472,0.504,280,189,221,205,1636,477,404,1809,299,189,3676,166,103,145,282,145,31,103,224,233,1830,2109,2039,2278
1536,Stephen Jackson,858,27397.0,4604,11112,0.414,1252.0,3763.0,0.333,2516,3154,0.798,674.0,2654.0,3328.0,2634,1109.0,317.0,2141.0,2043,12976,1.23,0.518,0.471,0.519,346,238,290,216,2800,93,72,1206,254,287,1062,662,373,553,313,133,489,110,404,235,1926,1901,2083,1823
76206,Bob Boozer,874,25549.0,4961,10738,0.462,,,,3042,3998,0.761,,,7119.0,1237,,,,2489,12964,,,0.462,0.519,315,294,238,241,1373,3789,3789,3789,176,159,1734,4093,4093,116,801,4093,4093,3891,214,236,3891,3891,2346,1835
383,Kendall Gill,966,29487.0,5068,11672,0.434,315.0,1051.0,0.3,2463,3267,0.754,1274.0,2728.0,4002.0,2945,1519.0,432.0,1734.0,2515,12914,1.698,0.876,0.448,0.493,192,180,223,180,2221,618,553,1645,269,266,1856,305,356,420,252,51,339,197,206,237,1123,534,2717,2601
934,Derrick Coleman,781,25902.0,4616,10335,0.447,326.0,1105.0,0.295,3326,4326,0.769,2079.0,5153.0,7232.0,1985,606.0,1051.0,2036.0,2062,12884,0.975,0.298,0.462,0.526,493,277,287,265,1801,607,537,1693,136,127,1581,101,86,110,479,488,95,130,386,238,2508,3179,2327,1622
47,Wayman Tisdale,840,23869.0,5338,10575,0.505,0.0,21.0,0.0,2202,2897,0.76,1617.0,3500.0,5117.0,1077,464.0,500.0,1407.0,2801,12878,0.765,0.33,0.505,0.543,372,355,196,253,540,2828,2215,2828,342,330,1749,197,226,274,905,711,291,335,118,239,2906,3051,1162,1124
22,Rik Smits,867,23102.0,5301,10461,0.507,3.0,26.0,0.115,2266,2932,0.773,1531.0,3746.0,5277.0,1215,372.0,1111.0,1579.0,3011,12871,0.769,0.236,0.507,0.548,334,388,199,261,506,2292,2105,2693,326,322,1489,215,200,255,814,861,81,260,76,240,2892,3381,1107,1006
78331,Mychal Thompson,935,27764.0,5191,10306,0.504,1.0,12.0,0.083,2427,3707,0.655,2229.0,4722.0,6951.0,2141,701.0,1073.0,2104.0,2692,12810,1.018,0.333,0.504,0.537,226,227,207,266,548,2566,2472,2750,278,197,3449,73,114,125,427,396,93,118,144,241,2305,2985,1184,1315
78500,Paul Westphal,823,20947.0,5079,10084,0.504,55.0,200.0,0.275,2596,3166,0.82,393.0,1120.0,1580.0,3591,1022.0,262.0,1117.0,1705,12809,1.985,0.502,0.506,0.558,413,472,222,281,549,1264,1238,1868,241,282,724,1082,1055,1228,169,176,610,488,609,242,782,1993,1124,788
78520,Sidney Wicks,760,25762.0,5046,11002,0.459,0.0,2.0,0.0,2711,3955,0.685,1539.0,3268.0,6620.0,2437,592.0,432.0,667.0,2524,12803,0.931,0.379,0.459,0.502,528,281,227,222,1482,2828,3031,2828,220,166,3033,211,261,150,353,512,339,848,202,243,2569,2755,2448,2316
202326,DeMarcus Cousins,654,19509.0,4562,9924,0.46,426.0,1288.0,0.331,3252,4411,0.737,1692.0,4972.0,6664.0,1979,874.0,742.0,2149.0,2421,12802,0.921,0.407,0.481,0.539,764,543,297,295,1436,499,477,1231,146,123,2202,170,99,143,481,258,177,108,240,244,2590,2618,1818,1225
1885,Lamar Odom,961,32131.0,4811,10393,0.463,664.0,2126.0,0.312,2495,3599,0.693,1821.0,6238.0,8059.0,3554,848.0,892.0,2253.0,2916,12781,1.577,0.376,0.495,0.534,200,123,257,264,1344,335,280,1489,257,213,2911,140,47,78,173,276,128,94,93,245,1311,2764,1452,1401
77168,Mickey Johnson,904,25005.0,4733,10544,0.449,29.0,176.0,0.165,3253,4066,0.8,2201.0,4264.0,6465.0,2677,1025.0,632.0,2050.0,3101,12748,1.138,0.4,0.45,0.517,268,306,270,256,1741,1500,1294,2536,145,156,977,76,146,163,302,173,219,128,67,246,2084,2641,2650,1896
271,Johnny Newman,1159,28438.0,4456,9671,0.461,600.0,1786.0,0.336,3228,3984,0.81,950.0,1586.0,2536.0,1688,1064.0,246.0,1656.0,3199,12740,1.019,0.643,0.492,0.558,67,213,305,311,1402,375,347,1092,148,163,850,456,752,776,592,154,649,225,58,247,2302,1217,1527,799
76362,Bill Cartwright,963,27491.0,4656,8868,0.525,0.0,2.0,0.0,3401,4412,0.771,1812.0,4294.0,6106.0,1390,460.0,668.0,1892.0,2833,12713,0.735,0.243,0.525,0.588,197,236,281,370,357,2828,3031,2828,128,122,1536,145,140,186,727,719,200,151,113,248,2968,3367,740,356
288,Armen Gilliam,929,26427.0,4838,9895,0.489,0.0,17.0,0.0,3024,3896,0.776,2117.0,4284.0,6401.0,1088,676.0,607.0,1722.0,2009,12700,0.632,0.393,0.489,0.547,231,262,251,297,803,2828,2296,2828,178,171,1443,93,141,167,899,422,230,202,430,249,3150,2695,1595,1019
754,Jim Jackson,885,29067.0,4811,11247,0.428,881.0,2413.0,0.365,2187,2651,0.825,1190.0,2962.0,4152.0,2851,726.0,188.0,2179.0,1972,12690,1.308,0.333,0.467,0.511,298,186,257,205,2415,227,223,596,345,390,666,330,314,398,271,368,824,105,453,250,1758,2985,2191,2077
